epoch,time,train/box_loss,train/cls_loss,train/dfl_loss,metrics/precision(B),metrics/recall(B),metrics/mAP50(B),metrics/mAP50-95(B),val/box_loss,val/cls_loss,val/dfl_loss,lr/pg0,lr/pg1,lr/pg2
1,9.67734,2.67299,10.6248,0.00258,5e-05,0.00501,0,0,2.48162,8.15242,0.00294,0.000468772,0.000468772,0.000468772
2,19.0171,2.51286,6.91578,0.00205,0.86978,0.06833,0.19191,0.07978,2.47906,5.61592,0.00286,0.000935749,0.000935749,0.000935749
3,27.5758,2.56264,5.35581,0.00203,0.69604,0.26799,0.29793,0.11932,2.32389,4.08037,0.0026,0.00139329,0.00139329,0.00139329
4,36.0471,2.40612,4.10055,0.00192,0.72761,0.30263,0.33644,0.14696,2.26033,3.09964,0.00263,0.00138656,0.00138656,0.00138656
5,44.6181,2.44672,3.37149,0.00185,0.71668,0.35451,0.35186,0.14381,2.35754,2.55096,0.00265,0.00137241,0.00137241,0.00137241
6,53.139,2.38674,2.69721,0.00185,0.7868,0.35752,0.39678,0.16967,2.21373,2.05798,0.00237,0.00135826,0.00135826,0.00135826
7,61.7924,2.33285,2.37295,0.00176,0.41943,0.31856,0.37191,0.173,2.26218,2.00784,0.0025,0.00134412,0.00134412,0.00134412
8,70.3109,2.33402,2.18519,0.00184,0.80389,0.337,0.38371,0.17851,2.19882,1.79317,0.0024,0.00132997,0.00132997,0.00132997
9,78.813,2.26405,1.87415,0.00171,0.79802,0.37106,0.42579,0.18765,2.18767,1.6236,0.00242,0.00131582,0.00131582,0.00131582
10,87.4674,2.27905,1.79837,0.00173,0.7748,0.31554,0.36633,0.14422,2.43634,1.63257,0.00248,0.00130168,0.00130168,0.00130168
11,96.0266,2.32626,1.69527,0.00168,0.86123,0.3731,0.43744,0.20698,2.17423,1.45809,0.0023,0.00128753,0.00128753,0.00128753
12,104.716,2.20864,1.54399,0.00165,0.82451,0.40919,0.44007,0.2067,2.14076,1.3671,0.00227,0.00127338,0.00127338,0.00127338
13,116.812,2.20025,1.47805,0.0016,0.88483,0.41207,0.48043,0.22081,2.12308,1.29549,0.00222,0.00125923,0.00125923,0.00125923
14,127.909,2.12192,1.42075,0.00155,0.87241,0.42193,0.5033,0.22843,2.11296,1.2235,0.00222,0.00124509,0.00124509,0.00124509
15,136.446,2.1456,1.42852,0.00155,0.65374,0.48459,0.49426,0.21525,2.22659,1.27176,0.00234,0.00123094,0.00123094,0.00123094
16,145.037,2.21176,1.4213,0.00161,0.71995,0.47982,0.48791,0.21662,2.18575,1.33576,0.00229,0.00121679,0.00121679,0.00121679
17,153.975,2.24267,1.42836,0.00162,0.90042,0.44123,0.52516,0.2424,2.04536,1.16359,0.00221,0.00120265,0.00120265,0.00120265
18,166.233,2.18301,1.34907,0.00163,0.87914,0.42231,0.5065,0.24391,2.09603,1.15697,0.00228,0.0011885,0.0011885,0.0011885
19,177.113,2.20638,1.36403,0.00156,0.75927,0.48794,0.51387,0.22835,2.16177,1.14371,0.00237,0.00117435,0.00117435,0.00117435
20,185.584,2.09033,1.22542,0.00154,0.74034,0.52105,0.54031,0.25871,2.07808,1.07514,0.00225,0.00116021,0.00116021,0.00116021
21,197.939,2.15546,1.30215,0.00155,0.59921,0.45125,0.47749,0.21206,2.17165,1.19052,0.00229,0.00114606,0.00114606,0.00114606
22,209.799,2.14045,1.23582,0.00156,0.86149,0.51179,0.5632,0.26291,2.01311,1.05868,0.00208,0.00113191,0.00113191,0.00113191
23,222.138,2.04874,1.21792,0.00154,0.79404,0.48194,0.52608,0.25086,2.02647,1.11947,0.00219,0.00111776,0.00111776,0.00111776
24,234.457,2.17043,1.26011,0.00159,0.78771,0.46241,0.52785,0.25867,2.04227,1.07036,0.00223,0.00110362,0.00110362,0.00110362
25,246.081,2.13106,1.2043,0.00154,0.77872,0.46641,0.52818,0.25354,2.07793,1.1028,0.00219,0.00108947,0.00108947,0.00108947
26,258.569,2.09002,1.1638,0.00146,0.78792,0.46291,0.53301,0.2645,2.00625,1.05412,0.0021,0.00107532,0.00107532,0.00107532
27,270.642,2.12204,1.17144,0.00157,0.87963,0.51003,0.56199,0.27047,2.03303,1.10701,0.00209,0.00106118,0.00106118,0.00106118
28,279.28,2.07018,1.18713,0.00144,0.76298,0.48759,0.55374,0.2621,2.01778,1.06454,0.00212,0.00104703,0.00104703,0.00104703
29,291.617,2.07384,1.1875,0.00142,0.77171,0.47568,0.55557,0.26428,2.03051,1.03779,0.00214,0.00103288,0.00103288,0.00103288
30,304.068,2.0744,1.13656,0.00154,0.78807,0.4839,0.53585,0.24721,2.08452,1.03208,0.00222,0.00101873,0.00101873,0.00101873
31,315.006,2.13683,1.19275,0.00148,0.71711,0.52398,0.55541,0.26769,2.00736,1.03899,0.00204,0.00100459,0.00100459,0.00100459
32,327.36,2.07427,1.11058,0.00147,0.77612,0.47881,0.54939,0.24792,2.09616,1.05468,0.00215,0.00099044,0.00099044,0.00099044
33,339.624,2.06532,1.13822,0.00145,0.88637,0.50162,0.57541,0.26529,2.00959,1.06154,0.00215,0.000976293,0.000976293,0.000976293
34,351.759,2.03485,1.13964,0.00149,0.72258,0.47713,0.53033,0.25246,2.03717,1.08378,0.00209,0.000962146,0.000962146,0.000962146
35,365.385,2.03041,1.09152,0.00148,0.85728,0.4772,0.53802,0.26722,2.00477,1.08101,0.00204,0.000947999,0.000947999,0.000947999
36,379.524,2.01982,1.14863,0.00144,0.87065,0.51693,0.55929,0.26792,1.99829,1.05668,0.00203,0.000933851,0.000933851,0.000933851
37,392.722,2.06176,1.1185,0.00147,0.8803,0.52054,0.57426,0.28775,1.97946,1.00416,0.00205,0.000919704,0.000919704,0.000919704
38,404.481,2.03732,1.1051,0.00146,0.9271,0.51945,0.58413,0.3018,1.96213,0.95062,0.00198,0.000905557,0.000905557,0.000905557
39,416.761,1.98248,1.0455,0.00137,0.79865,0.48985,0.57645,0.28177,1.94918,1.01058,0.00195,0.00089141,0.00089141,0.00089141
40,428.883,1.99511,1.04436,0.00143,0.74316,0.55022,0.58233,0.28311,1.95813,0.97332,0.00201,0.000877263,0.000877263,0.000877263
41,438.592,1.98205,1.03018,0.00141,0.85368,0.48851,0.57372,0.28471,1.98218,0.96369,0.00203,0.000863116,0.000863116,0.000863116
42,447.164,1.98625,1.01885,0.00137,0.85276,0.53333,0.60027,0.2866,2.05299,0.92326,0.0021,0.000848969,0.000848969,0.000848969
43,455.714,2.03002,1.07776,0.00142,0.70141,0.56504,0.56283,0.26104,2.04424,0.96754,0.00212,0.000834822,0.000834822,0.000834822
44,464.351,2.0206,1.04624,0.00138,0.87515,0.51554,0.56856,0.26942,2.04202,0.97763,0.00214,0.000820675,0.000820675,0.000820675
45,475.968,1.97458,1.02439,0.0014,0.86474,0.52994,0.56258,0.26695,2.04423,0.9384,0.00209,0.000806528,0.000806528,0.000806528
46,484.515,1.94958,1.01284,0.00135,0.69676,0.56429,0.56662,0.28992,1.97357,0.97118,0.00203,0.00079238,0.00079238,0.00079238
47,493.062,1.96652,1.04651,0.00134,0.91648,0.53185,0.605,0.27461,1.97743,0.95627,0.00207,0.000778233,0.000778233,0.000778233
48,501.653,1.92049,1.01173,0.00136,0.71082,0.51453,0.54098,0.25826,1.97941,0.97366,0.00204,0.000764086,0.000764086,0.000764086
49,511.141,1.9107,1.00987,0.00131,0.72532,0.5396,0.55413,0.26938,2.01905,0.96467,0.0021,0.000749939,0.000749939,0.000749939
50,519.75,1.91552,1.00466,0.00133,0.76753,0.49398,0.55598,0.27577,1.97475,0.90292,0.002,0.000735792,0.000735792,0.000735792
51,528.331,1.89255,0.94552,0.00131,0.74528,0.5396,0.56519,0.27453,1.96026,0.95843,0.00204,0.000721645,0.000721645,0.000721645
52,541.541,1.86071,0.94855,0.0013,0.65516,0.56203,0.56708,0.28005,1.9983,0.95887,0.00203,0.000707498,0.000707498,0.000707498
53,550.283,1.84631,0.92599,0.00128,0.69982,0.56388,0.58248,0.28036,1.96215,0.94159,0.00202,0.000693351,0.000693351,0.000693351
54,562.332,1.93028,0.95478,0.00131,0.73013,0.54724,0.57217,0.2824,1.97299,0.93246,0.002,0.000679204,0.000679204,0.000679204
55,571.296,1.90183,0.96223,0.00129,0.86414,0.52905,0.58552,0.28907,1.93954,0.91654,0.00198,0.000665057,0.000665057,0.000665057
56,579.883,1.90104,0.95298,0.00131,0.73667,0.5713,0.58124,0.27985,1.93109,0.89338,0.00196,0.000650909,0.000650909,0.000650909
57,588.535,1.8763,0.95975,0.00129,0.90926,0.55181,0.59932,0.2907,1.95255,0.91827,0.00193,0.000636762,0.000636762,0.000636762
58,597.887,1.8598,0.93391,0.00133,0.87678,0.55627,0.61615,0.289,1.9807,0.9032,0.00195,0.000622615,0.000622615,0.000622615
59,610.298,1.93883,1.02321,0.00135,0.84723,0.55652,0.60617,0.29005,1.9803,0.92544,0.00202,0.000608468,0.000608468,0.000608468
60,622.596,1.88061,0.93634,0.00126,0.85442,0.52634,0.60407,0.2935,1.96503,0.91212,0.002,0.000594321,0.000594321,0.000594321
61,634.928,1.88434,0.96002,0.00129,0.74657,0.54727,0.59267,0.29455,1.94718,0.93138,0.002,0.000580174,0.000580174,0.000580174
62,645.436,1.86055,0.92819,0.00126,0.91074,0.53233,0.60169,0.30151,1.94793,0.89211,0.00202,0.000566027,0.000566027,0.000566027
63,656.134,1.79644,0.87663,0.00126,0.75292,0.53045,0.56235,0.28952,1.93847,0.90599,0.00193,0.00055188,0.00055188,0.00055188
64,665.06,1.86227,0.9132,0.00125,0.7635,0.57619,0.60174,0.29644,1.95937,0.90878,0.00198,0.000537733,0.000537733,0.000537733
65,675.38,1.8375,0.90675,0.00126,0.86313,0.5603,0.60222,0.30252,1.93922,0.90106,0.00191,0.000523586,0.000523586,0.000523586
66,687.3,1.84532,0.92741,0.00122,0.67366,0.56452,0.55554,0.26843,1.93767,0.95841,0.00195,0.000509438,0.000509438,0.000509438
67,699.604,1.77301,0.91187,0.00122,0.9219,0.54223,0.60714,0.29524,1.92582,0.89765,0.00193,0.000495291,0.000495291,0.000495291
68,711.905,1.73296,0.8809,0.00119,0.66972,0.55689,0.57797,0.29377,1.89686,0.89558,0.00191,0.000481144,0.000481144,0.000481144
69,722.424,1.77996,0.84967,0.0012,0.86712,0.49348,0.58005,0.29704,1.914,0.86271,0.00195,0.000466997,0.000466997,0.000466997
70,730.961,1.81456,0.89112,0.00119,0.87361,0.49683,0.57136,0.28061,1.96758,0.85596,0.00197,0.00045285,0.00045285,0.00045285
71,740.021,1.81678,0.87924,0.00125,0.55146,0.52692,0.56993,0.28981,1.92687,0.88004,0.00194,0.000438703,0.000438703,0.000438703
72,749.188,1.80634,0.87304,0.00116,0.90297,0.53792,0.60043,0.28881,1.92762,0.86165,0.00194,0.000424556,0.000424556,0.000424556
73,760.717,1.82085,0.89285,0.00119,0.76712,0.55469,0.58692,0.29659,1.90504,0.85705,0.00191,0.000410409,0.000410409,0.000410409
74,773.171,1.76096,0.87077,0.00126,0.72555,0.55847,0.60738,0.30578,1.93615,0.88037,0.00194,0.000396262,0.000396262,0.000396262
75,785.558,1.79303,0.86622,0.00121,0.68413,0.51867,0.55314,0.28346,1.89872,0.88763,0.00192,0.000382115,0.000382115,0.000382115
76,797.824,1.77535,0.86374,0.00117,0.76366,0.52318,0.57077,0.29013,1.90665,0.8924,0.00193,0.000367967,0.000367967,0.000367967
77,808.84,1.74525,0.84036,0.00119,0.83149,0.55927,0.59822,0.2919,1.93493,0.87557,0.00192,0.00035382,0.00035382,0.00035382
78,817.331,1.77963,0.84265,0.00122,0.86634,0.55596,0.59034,0.29886,1.90964,0.88454,0.00189,0.000339673,0.000339673,0.000339673
79,827.976,1.74402,0.82329,0.00114,0.90134,0.5505,0.60186,0.29323,1.9105,0.85733,0.00192,0.000325526,0.000325526,0.000325526
80,839.629,1.77628,0.8478,0.00115,0.90795,0.5488,0.58988,0.30013,1.92594,0.85,0.00191,0.000311379,0.000311379,0.000311379
81,851.678,1.72244,0.83127,0.00115,0.92044,0.55681,0.60832,0.29805,1.93647,0.87093,0.00194,0.000297232,0.000297232,0.000297232
82,863.727,1.71943,0.80882,0.00116,0.91052,0.53237,0.60822,0.30205,1.90249,0.87035,0.00187,0.000283085,0.000283085,0.000283085
83,875.754,1.76015,0.83955,0.00118,0.74533,0.60965,0.61852,0.30014,1.9025,0.8589,0.00188,0.000268938,0.000268938,0.000268938
84,887.924,1.72584,0.83959,0.00115,0.76729,0.58312,0.61864,0.29336,1.94757,0.87058,0.00194,0.000254791,0.000254791,0.000254791
85,900.082,1.69268,0.78798,0.0011,0.90295,0.53947,0.61292,0.31132,1.91082,0.8541,0.00188,0.000240644,0.000240644,0.000240644
86,912.06,1.72193,0.80711,0.00113,0.87275,0.53369,0.60836,0.31255,1.9083,0.83987,0.00186,0.000226497,0.000226497,0.000226497
87,924.764,1.72642,0.80415,0.00112,0.89504,0.53712,0.63039,0.30934,1.94529,0.84535,0.00191,0.000212349,0.000212349,0.000212349
88,947.711,1.69992,0.79318,0.00115,0.76512,0.59018,0.62522,0.30667,1.94492,0.86293,0.00194,0.000198202,0.000198202,0.000198202
89,959.955,1.71063,0.79426,0.00113,0.88494,0.55426,0.61503,0.30595,1.94083,0.83362,0.00192,0.000184055,0.000184055,0.000184055
90,972.332,1.67077,0.81377,0.00109,0.87697,0.6005,0.63436,0.31109,1.90271,0.84134,0.0019,0.000169908,0.000169908,0.000169908
91,982.125,1.66181,0.8025,0.00119,0.86214,0.49624,0.58045,0.29243,1.92086,0.90631,0.00191,0.000155761,0.000155761,0.000155761
92,990.671,1.72103,0.79446,0.00118,0.80368,0.50259,0.56805,0.28457,1.91993,0.89185,0.00191,0.000141614,0.000141614,0.000141614
93,999.082,1.70591,0.79647,0.00118,0.91761,0.55013,0.59785,0.30471,1.9088,0.90222,0.00192,0.000127467,0.000127467,0.000127467
94,1007.43,1.67159,0.79244,0.00117,0.8958,0.55308,0.60372,0.30006,1.91807,0.89836,0.00191,0.00011332,0.00011332,0.00011332
95,1016.04,1.64262,0.7789,0.00111,0.89829,0.52995,0.59981,0.3019,1.91225,0.87608,0.00189,9.91726e-05,9.91726e-05,9.91726e-05
96,1027.68,1.67029,0.74642,0.00118,0.89908,0.53132,0.60515,0.30985,1.90076,0.87147,0.0019,8.50255e-05,8.50255e-05,8.50255e-05
97,1040.02,1.65829,0.7422,0.00115,0.78796,0.55998,0.60637,0.30779,1.90793,0.87652,0.00188,7.08784e-05,7.08784e-05,7.08784e-05
98,1054.55,1.62616,0.74011,0.00113,0.78485,0.55636,0.60658,0.30273,1.91126,0.87566,0.00189,5.67313e-05,5.67313e-05,5.67313e-05
99,1067.86,1.58802,0.72738,0.00113,0.76167,0.55677,0.59972,0.30886,1.89312,0.88034,0.00187,4.25842e-05,4.25842e-05,4.25842e-05
100,1076.52,1.66309,0.74422,0.00114,0.77761,0.55507,0.59949,0.30618,1.89034,0.86883,0.00187,2.84371e-05,2.84371e-05,2.84371e-05
